Word,Entity
Aaron Keen,PROF
Allan Rossman,PROF
Allison Theobold,PROF
Andrew Migler,PROF
Andrew Schaffner,PROF
Anelise Sabbag,PROF
Ayaan Kazerouni,PROF
Beth Chance,PROF
Billie-jo Grant,PROF
Bj Klingenberg,PROF
Bret Holladay,PROF
Bruce Debruhl,PROF
Christian Eckhardt,PROF
Christopher Lupo,PROF
Christopher Siu,PROF
Clark Turner,PROF
Daniel Kauffman,PROF
Dave Parkinson,PROF
David Janzen,PROF
De Van,PROF
Dennis Sun,PROF
Dongfeng Fang,PROF
Dr. Aaron Keen,PROF
Dr. Allan Rossman,PROF
Dr. Allison Theobold,PROF
Dr. Andrew Migler,PROF
Dr. Andrew Schaffner,PROF
Dr. Anelise Sabbag,PROF
Dr. Ayaan Kazerouni,PROF
Dr. Beth Chance,PROF
Dr. Billie-jo Grant,PROF
Dr. Bj Klingenberg,PROF
Dr. Bret Holladay,PROF
Dr. Bruce Debruhl,PROF
Dr. Christian Eckhardt,PROF
Dr. Christopher Lupo,PROF
Dr. Christopher Siu,PROF
Dr. Clark Turner,PROF
Dr. Daniel Kauffman,PROF
Dr. Dave Parkinson,PROF
Dr. David Janzen,PROF
Dr. De Van,PROF
Dr. Dennis Sun,PROF
Dr. Dongfeng Fang,PROF
Dr. Erin Sheets,PROF
Dr. Felicia Korengel,PROF
Dr. Foaad Khosmood,PROF
Dr. Giri Gopalan,PROF
Dr. Hasmik Gharibyan,PROF
Dr. Hugh Smith,PROF
Dr. Ignatios Vakalis,PROF
Dr. Immanuel Williams,PROF
Dr. Irene Humer,PROF
Dr. James Oksanish,PROF
Dr. Jeffrey Sklar,PROF
Dr. Jimmy Doi,PROF
Dr. John Clements,PROF
Dr. John Planck,PROF
Dr. John Seng,PROF
Dr. John Walker,PROF
Dr. Jonathan Ventura,PROF
Dr. Julie Workman,PROF
Dr. Karen Mcgaughey,PROF
Dr. Kelly Bodwin,PROF
Dr. Kevin Ross,PROF
Dr. Kirsten Mork,PROF
Dr. Kurt Mammen,PROF
Dr. Kurt Voelker,PROF
Dr. Lubomir Stanchev,PROF
Dr. Maddie Schroth-glanz,PROF
Dr. Maria Pantoja,PROF
Dr. Michael Haungs,PROF
Dr. Nasir Eisty,PROF
Dr. Nianpin Cheng,PROF
Dr. Paul Anderson,PROF
Dr. Paul Hatalsky,PROF
Dr. Phillip Nico,PROF
Dr. Roger Tenore,PROF
Dr. Samuel Frame,PROF
Dr. Silva Da,PROF
Dr. Soma Roy,PROF
Dr. Sonja Schuster,PROF
Dr. Stephen Beard,PROF
Dr. Steven Rein,PROF
Dr. Sussan Einakian,PROF
Dr. Theresa Migler,PROF
Dr. Timothy Kearns,PROF
Dr. Toshihiro Kuboi,PROF
Dr. Ulric Lund,PROF
Dr. Zachary Peterson,PROF
Erin Sheets,PROF
Felicia Korengel,PROF
Foaad Khosmood,PROF
Giri Gopalan,PROF
Hasmik Gharibyan,PROF
Hugh Smith,PROF
Ignatios Vakalis,PROF
Immanuel Williams,PROF
Irene Humer,PROF
James Oksanish,PROF
Jeffrey Sklar,PROF
Jimmy Doi,PROF
John Clements,PROF
John Planck,PROF
John Seng,PROF
John Walker,PROF
Jonathan Ventura,PROF
Julie Workman,PROF
Karen Mcgaughey,PROF
Kelly Bodwin,PROF
Kevin Ross,PROF
Kirsten Mork,PROF
Kurt Mammen,PROF
Kurt Voelker,PROF
Lubomir Stanchev,PROF
Maddie Schroth-glanz,PROF
Maria Pantoja,PROF
Michael Haungs,PROF
Nasir Eisty,PROF
Nianpin Cheng,PROF
Paul Anderson,PROF
Paul Hatalsky,PROF
Phillip Nico,PROF
Professor Aaron Keen,PROF
Professor Allan Rossman,PROF
Professor Allison Theobold,PROF
Professor Andrew Migler,PROF
Professor Andrew Schaffner,PROF
Professor Anelise Sabbag,PROF
Professor Ayaan Kazerouni,PROF
Professor Beth Chance,PROF
Professor Billie-jo Grant,PROF
Professor Bj Klingenberg,PROF
Professor Bret Holladay,PROF
Professor Bruce Debruhl,PROF
Professor Christian Eckhardt,PROF
Professor Christopher Lupo,PROF
Professor Christopher Siu,PROF
Professor Clark Turner,PROF
Professor Daniel Kauffman,PROF
Professor Dave Parkinson,PROF
Professor David Janzen,PROF
Professor De Van,PROF
Professor Dennis Sun,PROF
Professor Dongfeng Fang,PROF
Professor Erin Sheets,PROF
Professor Felicia Korengel,PROF
Professor Foaad Khosmood,PROF
Professor Giri Gopalan,PROF
Professor Hasmik Gharibyan,PROF
Professor Hugh Smith,PROF
Professor Ignatios Vakalis,PROF
Professor Immanuel Williams,PROF
Professor Irene Humer,PROF
Professor James Oksanish,PROF
Professor Jeffrey Sklar,PROF
Professor Jimmy Doi,PROF
Professor John Clements,PROF
Professor John Planck,PROF
Professor John Seng,PROF
Professor John Walker,PROF
Professor Jonathan Ventura,PROF
Professor Julie Workman,PROF
Professor Karen Mcgaughey,PROF
Professor Kelly Bodwin,PROF
Professor Kevin Ross,PROF
Professor Kirsten Mork,PROF
Professor Kurt Mammen,PROF
Professor Kurt Voelker,PROF
Professor Lubomir Stanchev,PROF
Professor Maddie Schroth-glanz,PROF
Professor Maria Pantoja,PROF
Professor Michael Haungs,PROF
Professor Nasir Eisty,PROF
Professor Nianpin Cheng,PROF
Professor Paul Anderson,PROF
Professor Paul Hatalsky,PROF
Professor Phillip Nico,PROF
Professor Roger Tenore,PROF
Professor Samuel Frame,PROF
Professor Silva Da,PROF
Professor Soma Roy,PROF
Professor Sonja Schuster,PROF
Professor Stephen Beard,PROF
Professor Steven Rein,PROF
Professor Sussan Einakian,PROF
Professor Theresa Migler,PROF
Professor Timothy Kearns,PROF
Professor Toshihiro Kuboi,PROF
Professor Ulric Lund,PROF
Professor Zachary Peterson,PROF
Roger Tenore,PROF
Samuel Frame,PROF
Silva Da,PROF
Soma Roy,PROF
Sonja Schuster,PROF
Stephen Beard,PROF
Steven Rein,PROF
Sussan Einakian,PROF
Theresa Migler,PROF
Timothy Kearns,PROF
Toshihiro Kuboi,PROF
Ulric Lund,PROF
Zachary Peterson,PROF
Fundamentals of Computer Science, COURSE
Computing for All I, COURSE
Computing for All II, COURSE
Introduction to Computing, COURSE
Special Problems for Undergraduates, COURSE
Data Structures, COURSE
Project-Based Object-Oriented Programming and Design, COURSE
Introduction to Computer Organization, COURSE
Programming for Engineering Students, COURSE
Computer Programming for Scientists and Engineers, COURSE
C and Unix, COURSE
Fundamentals of Computer Science for Scientists and Engineers, COURSE
Discrete Structures, COURSE
Selected Topics, COURSE
Professional Responsibilities, COURSE
Individual Software Design and Development, COURSE
Introduction to Software Engineering, COURSE
Software Engineering I, COURSE
Software Engineering II, COURSE
Teaching Computing, COURSE
Practical Computer Security for Everyone, COURSE
Introduction to Computer Security, COURSE
Cryptography Engineering, COURSE
Introduction to Privacy: Policy and Technology, COURSE
property,NON-ENTITY
tooth,NON-ENTITY
percentage,NON-ENTITY
photo,NON-ENTITY
poet,NON-ENTITY
depth,NON-ENTITY
news,NON-ENTITY
gene,NON-ENTITY
appointment,NON-ENTITY
championship,NON-ENTITY
extent,NON-ENTITY
baseball,NON-ENTITY
presence,NON-ENTITY
mood,NON-ENTITY
possibility,NON-ENTITY
dinner,NON-ENTITY
tongue,NON-ENTITY
love,NON-ENTITY
reaction,NON-ENTITY
story,NON-ENTITY
childhood,NON-ENTITY
virus,NON-ENTITY
video,NON-ENTITY
poem,NON-ENTITY
wealth,NON-ENTITY
manager,NON-ENTITY
series,NON-ENTITY
ambition,NON-ENTITY
enthusiasm,NON-ENTITY
satisfaction,NON-ENTITY
reality,NON-ENTITY
injury,NON-ENTITY
supermarket,NON-ENTITY
employee,NON-ENTITY
reputation,NON-ENTITY
independence,NON-ENTITY
historian,NON-ENTITY
politics,NON-ENTITY
cabinet,NON-ENTITY
funeral,NON-ENTITY
protection,NON-ENTITY
history,NON-ENTITY
church,NON-ENTITY
guidance,NON-ENTITY
piano,NON-ENTITY
area,NON-ENTITY
book,NON-ENTITY
business,NON-ENTITY
case,NON-ENTITY
child,NON-ENTITY
company,NON-ENTITY
country,NON-ENTITY
day,NON-ENTITY
eye,NON-ENTITY
fact,NON-ENTITY
family,NON-ENTITY
government,NON-ENTITYnt
group,NON-ENTITY
hand,NON-ENTITY
home,NON-ENTITY
job,NON-ENTITY
life,NON-ENTITY
lot,NON-ENTITY
man,NON-ENTITY
money,NON-ENTITY
month,NON-ENTITY
mother,NON-ENTITY
Mr,NON-ENTITY
night,NON-ENTITY
number,NON-ENTITY
part,NON-ENTITY
people,NON-ENTITY
place,NON-ENTITY
point,NON-ENTITY
problem,NON-ENTITY
program,NON-ENTITY
question,NON-ENTITY
right,NON-ENTITY
room,NON-ENTITY
school,NON-ENTITY
state,NON-ENTITY
story,NON-ENTITY
student,NON-ENTITY
study,NON-ENTITY
system,NON-ENTITY
thing,NON-ENTITY
time,NON-ENTITY
water,NON-ENTITY
way,NON-ENTITY
week,NON-ENTITY
woman,NON-ENTITY
word,NON-ENTITY
work,NON-ENTITY
world,NON-ENTITY
year,NON-ENTITY
people,NON-ENTITY
history,NON-ENTITY
way,NON-ENTITY
art,NON-ENTITY
world,NON-ENTITY
information,NON-ENTITY
map,NON-ENTITY
two,NON-ENTITY
family,NON-ENTITY
government,NON-ENTITY
health,NON-ENTITY
system,NON-ENTITY
computer,NON-ENTITY
meat,NON-ENTITY
year,NON-ENTITY
thanks,NON-ENTITY
music,NON-ENTITY
person,NON-ENTITY
reading,NON-ENTITY
method,NON-ENTITY
data,NON-ENTITY
food,NON-ENTITY
understanding,NON-ENTITY
theory,NON-ENTITY
law,NON-ENTITY
bird,NON-ENTITY
literature,NON-ENTITY
problem,NON-ENTITY
software,NON-ENTITY
control,NON-ENTITY
knowledge,NON-ENTITY
power,NON-ENTITY
ability,NON-ENTITY
economics,NON-ENTITY
love,NON-ENTITY
internet,NON-ENTITY
television,NON-ENTITY
science,NON-ENTITY
library,NON-ENTITY
nature,NON-ENTITY
fact,NON-ENTITY
product,NON-ENTITY
idea,NON-ENTITY
temperature,NON-ENTITY
investment,NON-ENTITY
area,NON-ENTITY
society,NON-ENTITY
activity,NON-ENTITY
story,NON-ENTITY
industry,NON-ENTITY
media,NON-ENTITY
thing,NON-ENTITY
oven,NON-ENTITY
community,NON-ENTITY
definition,NON-ENTITY
safety,NON-ENTITY
quality,NON-ENTITY
development,NON-ENTITY
language,NON-ENTITY
management,NON-ENTITY
player,NON-ENTITY
variety,NON-ENTITY
video,NON-ENTITY
week,NON-ENTITY
security,NON-ENTITY
country,NON-ENTITY
exam,NON-ENTITY
movie,NON-ENTITY
organization,NON-ENTITY
equipment,NON-ENTITY
physics,NON-ENTITY
analysis,NON-ENTITY
policy,NON-ENTITY
series,NON-ENTITY
thought,NON-ENTITY
basis,NON-ENTITY
boyfriend,NON-ENTITY
direction,NON-ENTITY
strategy,NON-ENTITY
technology,NON-ENTITY
army,NON-ENTITY
camera,NON-ENTITY
freedom,NON-ENTITY
paper,NON-ENTITY
environment,NON-ENTITY
child,NON-ENTITY
instance,NON-ENTITY
month,NON-ENTITY
truth,NON-ENTITY
marketing,NON-ENTITY
university,NON-ENTITY
writing,NON-ENTITY
article,NON-ENTITY
department,NON-ENTITY
difference,NON-ENTITY
goal,NON-ENTITY
news,NON-ENTITY
audience,NON-ENTITY
fishing,NON-ENTITY
growth,NON-ENTITY
income,NON-ENTITY
marriage,NON-ENTITY
user,NON-ENTITY
combination,NON-ENTITY
failure,NON-ENTITY
meaning,NON-ENTITY
medicine,NON-ENTITY
philosophy,NON-ENTITY
teacher,NON-ENTITY
communication,NON-ENTITY
night,NON-ENTITY
chemistry,NON-ENTITY
disease,NON-ENTITY
disk,NON-ENTITY
energy,NON-ENTITY
nation,NON-ENTITY
road,NON-ENTITY
role,NON-ENTITY
soup,NON-ENTITY
advertising,NON-ENTITY
location,NON-ENTITY
success,NON-ENTITY
addition,NON-ENTITY
apartment,NON-ENTITY
education,NON-ENTITY
math,NON-ENTITY
moment,NON-ENTITY
painting,NON-ENTITY
politics,NON-ENTITY
attention,NON-ENTITY
decision,NON-ENTITY
event,NON-ENTITY
property,NON-ENTITY
shopping,NON-ENTITY
student,NON-ENTITY
wood,NON-ENTITY
competition,NON-ENTITY
distribution,NON-ENTITY
entertainment,NON-ENTITY
office,NON-ENTITY
population,NON-ENTITY
president,NON-ENTITY
unit,NON-ENTITY
category,NON-ENTITY
cigarette,NON-ENTITY
context,NON-ENTITY
introduction,NON-ENTITY
opportunity,NON-ENTITY
performance,NON-ENTITY
driver,NON-ENTITY
flight,NON-ENTITY
length,NON-ENTITY
magazine,NON-ENTITY
newspaper,NON-ENTITY
relationship,NON-ENTITY
teaching,NON-ENTITY
cell,NON-ENTITY
dealer,NON-ENTITY
finding,NON-ENTITY
lake,NON-ENTITY
member,NON-ENTITY
message,NON-ENTITY
phone,NON-ENTITY
scene,NON-ENTITY
appearance,NON-ENTITY
association,NON-ENTITY
concept,NON-ENTITY
customer,NON-ENTITY
death,NON-ENTITY
discussion,NON-ENTITY
housing,NON-ENTITY
inflation,NON-ENTITY
insurance,NON-ENTITY
mood,NON-ENTITY
woman,NON-ENTITY
advice,NON-ENTITY
blood,NON-ENTITY
effort,NON-ENTITY
expression,NON-ENTITY
importance,NON-ENTITY
opinion,NON-ENTITY
payment,NON-ENTITY
reality,NON-ENTITY
responsibility,NON-ENTITY
situation,NON-ENTITY
skill,NON-ENTITY
statement,NON-ENTITY
wealth,NON-ENTITY
application,NON-ENTITY
city,NON-ENTITY
county,NON-ENTITY
depth,NON-ENTITY
estate,NON-ENTITY
foundation,NON-ENTITY
grandmother,NON-ENTITY
heart,NON-ENTITY
perspective,NON-ENTITY
photo,NON-ENTITY
recipe,NON-ENTITY
studio,NON-ENTITY
topic,NON-ENTITY
collection,NON-ENTITY
depression,NON-ENTITY
imagination,NON-ENTITY
passion,NON-ENTITY
percentage,NON-ENTITY
resource,NON-ENTITY
setting,NON-ENTITY
ad,NON-ENTITY
agency,NON-ENTITY
college,NON-ENTITY
connection,NON-ENTITY
criticism,NON-ENTITY
debt,NON-ENTITY
description,NON-ENTITY
memory,NON-ENTITY
patience,NON-ENTITY
secretary,NON-ENTITY
solution,NON-ENTITY
administration,NON-ENTITY
aspect,NON-ENTITY
attitude,NON-ENTITY
director,NON-ENTITY
personality,NON-ENTITY
psychology,NON-ENTITY
recommendation,NON-ENTITY
response,NON-ENTITY
selection,NON-ENTITY
storage,NON-ENTITY
version,NON-ENTITY
alcohol,NON-ENTITY
argument,NON-ENTITY
complaint,NON-ENTITY
contract,NON-ENTITY
emphasis,NON-ENTITY
highway,NON-ENTITY
loss,NON-ENTITY
membership,NON-ENTITY
possession,NON-ENTITY
preparation,NON-ENTITY
steak,NON-ENTITY
union,NON-ENTITY
agreement,NON-ENTITY
cancer,NON-ENTITY
currency,NON-ENTITY
employment,NON-ENTITY
engineering,NON-ENTITY
entry,NON-ENTITY
interaction,NON-ENTITY
mixture,NON-ENTITY
preference,NON-ENTITY
region,NON-ENTITY
republic,NON-ENTITY
tradition,NON-ENTITY
virus,NON-ENTITY
actor,NON-ENTITY
classroom,NON-ENTITY
delivery,NON-ENTITY
device,NON-ENTITY
difficulty,NON-ENTITY
drama,NON-ENTITY
election,NON-ENTITY
engine,NON-ENTITY
football,NON-ENTITY
guidance,NON-ENTITY
hotel,NON-ENTITY
owner,NON-ENTITY
priority,NON-ENTITY
protection,NON-ENTITY
suggestion,NON-ENTITY
tension,NON-ENTITY
variation,NON-ENTITY
anxiety,NON-ENTITY
atmosphere,NON-ENTITY
awareness,NON-ENTITY
bath,NON-ENTITY
bread,NON-ENTITY
candidate,NON-ENTITY
climate,NON-ENTITY
comparison,NON-ENTITY
confusion,NON-ENTITY
construction,NON-ENTITY
elevator,NON-ENTITY
emotion,NON-ENTITY
employee,NON-ENTITY
employer,NON-ENTITY
guest,NON-ENTITY
height,NON-ENTITY
leadership,NON-ENTITY
mall,NON-ENTITY
manager,NON-ENTITY
operation,NON-ENTITY
recording,NON-ENTITY
sample,NON-ENTITY
transportation,NON-ENTITY
charity,NON-ENTITY
cousin,NON-ENTITY
disaster,NON-ENTITY
editor,NON-ENTITY
efficiency,NON-ENTITY
excitement,NON-ENTITY
extent,NON-ENTITY
feedback,NON-ENTITY
guitar,NON-ENTITY
homework,NON-ENTITY
leader,NON-ENTITY
mom,NON-ENTITY
outcome,NON-ENTITY
permission,NON-ENTITY
presentation,NON-ENTITY
promotion,NON-ENTITY
reflection,NON-ENTITY
refrigerator,NON-ENTITY
resolution,NON-ENTITY
revenue,NON-ENTITY
session,NON-ENTITY
singer,NON-ENTITY
tennis,NON-ENTITY
basket,NON-ENTITY
bonus,NON-ENTITY
cabinet,NON-ENTITY
childhood,NON-ENTITY
church,NON-ENTITY
clothes,NON-ENTITY
coffee,NON-ENTITY
dinner,NON-ENTITY
drawing,NON-ENTITY
hair,NON-ENTITY
hearing,NON-ENTITY
initiative,NON-ENTITY
judgment,NON-ENTITY
lab,NON-ENTITY
measurement,NON-ENTITY
mode,NON-ENTITY
mud,NON-ENTITY
orange,NON-ENTITY
poetry,NON-ENTITY
police,NON-ENTITY
possibility,NON-ENTITY
procedure,NON-ENTITY
queen,NON-ENTITY
ratio,NON-ENTITY
relation,NON-ENTITY
restaurant,NON-ENTITY
satisfaction,NON-ENTITY
sector,NON-ENTITY
signature,NON-ENTITY
significance,NON-ENTITY
song,NON-ENTITY
tooth,NON-ENTITY
town,NON-ENTITY
vehicle,NON-ENTITY
volume,NON-ENTITY
wife,NON-ENTITY
accident,NON-ENTITY
airport,NON-ENTITY
appointment,NON-ENTITY
arrival,NON-ENTITY
assumption,NON-ENTITY
baseball,NON-ENTITY
chapter,NON-ENTITY
committee,NON-ENTITY
conversation,NON-ENTITY
database,NON-ENTITY
enthusiasm,NON-ENTITY
error,NON-ENTITY
explanation,NON-ENTITY
farmer,NON-ENTITY
gate,NON-ENTITY
girl,NON-ENTITY
hall,NON-ENTITY
historian,NON-ENTITY
hospital,NON-ENTITY
injury,NON-ENTITY
instruction,NON-ENTITY
maintenance,NON-ENTITY
manufacturer,NON-ENTITY
meal,NON-ENTITY
perception,NON-ENTITY
pie,NON-ENTITY
poem,NON-ENTITY
presence,NON-ENTITY
proposal,NON-ENTITY
reception,NON-ENTITY
replacement,NON-ENTITY
revolution,NON-ENTITY
river,NON-ENTITY
son,NON-ENTITY
speech,NON-ENTITY
tea,NON-ENTITY
village,NON-ENTITY
warning,NON-ENTITY
winner,NON-ENTITY
worker,NON-ENTITY
writer,NON-ENTITY
assistance,NON-ENTITY
breath,NON-ENTITY
buyer,NON-ENTITY
chest,NON-ENTITY
chocolate,NON-ENTITY
conclusion,NON-ENTITY
contribution,NON-ENTITY
cookie,NON-ENTITY
courage,NON-ENTITY
dad,NON-ENTITY
desk,NON-ENTITY
drawer,NON-ENTITY
establishment,NON-ENTITY
examination,NON-ENTITY
garbage,NON-ENTITY
grocery,NON-ENTITY
honey,NON-ENTITY
impression,NON-ENTITY
improvement,NON-ENTITY
independence,NON-ENTITY
insect,NON-ENTITY
inspection,NON-ENTITY
inspector,NON-ENTITY
king,NON-ENTITY
ladder,NON-ENTITY
menu,NON-ENTITY
penalty,NON-ENTITY
piano,NON-ENTITY
potato,NON-ENTITY
profession,NON-ENTITY
professor,NON-ENTITY
quantity,NON-ENTITY
reaction,NON-ENTITY
requirement,NON-ENTITY
salad,NON-ENTITY
sister,NON-ENTITY
supermarket,NON-ENTITY
tongue,NON-ENTITY
weakness,NON-ENTITY
wedding,NON-ENTITY
affair,NON-ENTITY
ambition,NON-ENTITY
analyst,NON-ENTITY
apple,NON-ENTITY
assignment,NON-ENTITY
assistant,NON-ENTITY
bathroom,NON-ENTITY
bedroom,NON-ENTITY
beer,NON-ENTITY
birthday,NON-ENTITY
celebration,NON-ENTITY
championship,NON-ENTITY
cheek,NON-ENTITY
client,NON-ENTITY
consequence,NON-ENTITY
departure,NON-ENTITY
diamond,NON-ENTITY
dirt,NON-ENTITY
ear,NON-ENTITY
fortune,NON-ENTITY
friendship,NON-ENTITY
funeral,NON-ENTITY
gene,NON-ENTITY
girlfriend,NON-ENTITY
hat,NON-ENTITY
indication,NON-ENTITY
intention,NON-ENTITY
lady,NON-ENTITY
midnight,NON-ENTITY
negotiation,NON-ENTITY
obligation,NON-ENTITY
passenger,NON-ENTITY
pizza,NON-ENTITY
platform,NON-ENTITY
poet,NON-ENTITY
pollution,NON-ENTITY
recognition,NON-ENTITY
reputation,NON-ENTITY
shirt,NON-ENTITY
sir,NON-ENTITY
speaker,NON-ENTITY
stranger,NON-ENTITY
surgery,NON-ENTITY
sympathy,NON-ENTITY
tale,NON-ENTITY
throat,NON-ENTITY
trainer,NON-ENTITY
uncle,NON-ENTITY
youth,NON-ENTITY
time,NON-ENTITY
work,NON-ENTITY
film,NON-ENTITY
water,NON-ENTITY
money,NON-ENTITY
example,NON-ENTITY
while,NON-ENTITY
business,NON-ENTITY
study,NON-ENTITY
game,NON-ENTITY
life,NON-ENTITY
form,NON-ENTITY
air,NON-ENTITY
day,NON-ENTITY
place,NON-ENTITY
number,NON-ENTITY
part,NON-ENTITY
field,NON-ENTITY
fish,NON-ENTITY
back,NON-ENTITY
process,NON-ENTITY
heat,NON-ENTITY
hand,NON-ENTITY
experience,NON-ENTITY
job,NON-ENTITY
book,NON-ENTITY
end,NON-ENTITY
point,NON-ENTITY
type,NON-ENTITY
home,NON-ENTITY
economy,NON-ENTITY
value,NON-ENTITY
body,NON-ENTITY
market,NON-ENTITY
guide,NON-ENTITY
interest,NON-ENTITY
state,NON-ENTITY
radio,NON-ENTITY
course,NON-ENTITY
company,NON-ENTITY
price,NON-ENTITY
size,NON-ENTITY
card,NON-ENTITY
list,NON-ENTITY
mind,NON-ENTITY
trade,NON-ENTITY
line,NON-ENTITY
care,NON-ENTITY
group,NON-ENTITY
risk,NON-ENTITY
word,NON-ENTITY
fat,NON-ENTITY
force,NON-ENTITY
key,NON-ENTITY
light,NON-ENTITY
training,NON-ENTITY
name,NON-ENTITY
school,NON-ENTITY
top,NON-ENTITY
amount,NON-ENTITY
level,NON-ENTITY
order,NON-ENTITY
practice,NON-ENTITY
research,NON-ENTITY
sense,NON-ENTITY
service,NON-ENTITY
piece,NON-ENTITY
web,NON-ENTITY
boss,NON-ENTITY
sport,NON-ENTITY
fun,NON-ENTITY
house,NON-ENTITY
page,NON-ENTITY
term,NON-ENTITY
test,NON-ENTITY
answer,NON-ENTITY
sound,NON-ENTITY
focus,NON-ENTITY
matter,NON-ENTITY
kind,NON-ENTITY
soil,NON-ENTITY
board,NON-ENTITY
oil,NON-ENTITY
picture,NON-ENTITY
access,NON-ENTITY
garden,NON-ENTITY
range,NON-ENTITY
rate,NON-ENTITY
reason,NON-ENTITY
future,NON-ENTITY
site,NON-ENTITY
demand,NON-ENTITY
exercise,NON-ENTITY
image,NON-ENTITY
case,NON-ENTITY
cause,NON-ENTITY
coast,NON-ENTITY
action,NON-ENTITY
age,NON-ENTITY
bad,NON-ENTITY
boat,NON-ENTITY
record,NON-ENTITY
result,NON-ENTITY
section,NON-ENTITY
building,NON-ENTITY
mouse,NON-ENTITY
cash,NON-ENTITY
class,NON-ENTITY
nothing,NON-ENTITY
period,NON-ENTITY
plan,NON-ENTITY
store,NON-ENTITY
tax,NON-ENTITY
side,NON-ENTITY
subject,NON-ENTITY
space,NON-ENTITY
rule,NON-ENTITY
stock,NON-ENTITY
weather,NON-ENTITY
chance,NON-ENTITY
figure,NON-ENTITY
man,NON-ENTITY
model,NON-ENTITY
source,NON-ENTITY
beginning,NON-ENTITY
earth,NON-ENTITY
program,NON-ENTITY
chicken,NON-ENTITY
design,NON-ENTITY
feature,NON-ENTITY
head,NON-ENTITY
material,NON-ENTITY
purpose,NON-ENTITY
question,NON-ENTITY
rock,NON-ENTITY
salt,NON-ENTITY
act,NON-ENTITY
birth,NON-ENTITY
car,NON-ENTITY
dog,NON-ENTITY
object,NON-ENTITY
scale,NON-ENTITY
sun,NON-ENTITY
note,NON-ENTITY
profit,NON-ENTITY
rent,NON-ENTITY
speed,NON-ENTITY
style,NON-ENTITY
war,NON-ENTITY
bank,NON-ENTITY
craft,NON-ENTITY
half,NON-ENTITY
inside,NON-ENTITY
outside,NON-ENTITY
standard,NON-ENTITY
bus,NON-ENTITY
exchange,NON-ENTITY
eye,NON-ENTITY
fire,NON-ENTITY
position,NON-ENTITY
pressure,NON-ENTITY
stress,NON-ENTITY
advantage,NON-ENTITY
benefit,NON-ENTITY
box,NON-ENTITY
frame,NON-ENTITY
issue,NON-ENTITY
step,NON-ENTITY
cycle,NON-ENTITY
face,NON-ENTITY
item,NON-ENTITY
metal,NON-ENTITY
paint,NON-ENTITY
review,NON-ENTITY
room,NON-ENTITY
screen,NON-ENTITY
structure,NON-ENTITY
view,NON-ENTITY
account,NON-ENTITY
ball,NON-ENTITY
discipline,NON-ENTITY
medium,NON-ENTITY
share,NON-ENTITY
balance,NON-ENTITY
bit,NON-ENTITY
black,NON-ENTITY
bottom,NON-ENTITY
choice,NON-ENTITY
gift,NON-ENTITY
impact,NON-ENTITY
machine,NON-ENTITY
shape,NON-ENTITY
tool,NON-ENTITY
wind,NON-ENTITY
address,NON-ENTITY
average,NON-ENTITY
career,NON-ENTITY
culture,NON-ENTITY
morning,NON-ENTITY
pot,NON-ENTITY
sign,NON-ENTITY
table,NON-ENTITY
task,NON-ENTITY
condition,NON-ENTITY
contact,NON-ENTITY
credit,NON-ENTITY
egg,NON-ENTITY
hope,NON-ENTITY
ice,NON-ENTITY
network,NON-ENTITY
north,NON-ENTITY
square,NON-ENTITY
attempt,NON-ENTITY
date,NON-ENTITY
effect,NON-ENTITY
link,NON-ENTITY
post,NON-ENTITY
star,NON-ENTITY
voice,NON-ENTITY
capital,NON-ENTITY
challenge,NON-ENTITY
friend,NON-ENTITY
self,NON-ENTITY
shot,NON-ENTITY
brush,NON-ENTITY
couple,NON-ENTITY
debate,NON-ENTITY
exit,NON-ENTITY
front,NON-ENTITY
function,NON-ENTITY
lack,NON-ENTITY
living,NON-ENTITY
plant,NON-ENTITY
plastic,NON-ENTITY
spot,NON-ENTITY
summer,NON-ENTITY
taste,NON-ENTITY
theme,NON-ENTITY
track,NON-ENTITY
wing,NON-ENTITY
brain,NON-ENTITY
button,NON-ENTITY
click,NON-ENTITY
desire,NON-ENTITY
foot,NON-ENTITY
gas,NON-ENTITY
influence,NON-ENTITY
notice,NON-ENTITY
rain,NON-ENTITY
wall,NON-ENTITY
base,NON-ENTITY
damage,NON-ENTITY
distance,NON-ENTITY
feeling,NON-ENTITY
pair,NON-ENTITY
savings,NON-ENTITY
staff,NON-ENTITY
sugar,NON-ENTITY
target,NON-ENTITY
text,NON-ENTITY
animal,NON-ENTITY
author,NON-ENTITY
budget,NON-ENTITY
discount,NON-ENTITY
file,NON-ENTITY
ground,NON-ENTITY
lesson,NON-ENTITY
minute,NON-ENTITY
officer,NON-ENTITY
phase,NON-ENTITY
reference,NON-ENTITY
register,NON-ENTITY
sky,NON-ENTITY
stage,NON-ENTITY
stick,NON-ENTITY
title,NON-ENTITY
trouble,NON-ENTITY
bowl,NON-ENTITY
bridge,NON-ENTITY
campaign,NON-ENTITY
character,NON-ENTITY
club,NON-ENTITY
edge,NON-ENTITY
evidence,NON-ENTITY
fan,NON-ENTITY
letter,NON-ENTITY
lock,NON-ENTITY
maximum,NON-ENTITY
novel,NON-ENTITY
option,NON-ENTITY
pack,NON-ENTITY
park,NON-ENTITY
plenty,NON-ENTITY
quarter,NON-ENTITY
skin,NON-ENTITY
sort,NON-ENTITY
weight,NON-ENTITY
baby,NON-ENTITY
background,NON-ENTITY
carry,NON-ENTITY
dish,NON-ENTITY
factor,NON-ENTITY
fruit,NON-ENTITY
glass,NON-ENTITY
joint,NON-ENTITY
master,NON-ENTITY
muscle,NON-ENTITY
red,NON-ENTITY
strength,NON-ENTITY
traffic,NON-ENTITY
trip,NON-ENTITY
vegetable,NON-ENTITY
appeal,NON-ENTITY
chart,NON-ENTITY
gear,NON-ENTITY
ideal,NON-ENTITY
kitchen,NON-ENTITY
land,NON-ENTITY
log,NON-ENTITY
mother,NON-ENTITY
net,NON-ENTITY
party,NON-ENTITY
principle,NON-ENTITY
relative,NON-ENTITY
sale,NON-ENTITY
season,NON-ENTITY
signal,NON-ENTITY
spirit,NON-ENTITY
street,NON-ENTITY
tree,NON-ENTITY
wave,NON-ENTITY
belt,NON-ENTITY
bench,NON-ENTITY
commission,NON-ENTITY
copy,NON-ENTITY
drop,NON-ENTITY
minimum,NON-ENTITY
path,NON-ENTITY
progress,NON-ENTITY
project,NON-ENTITY
sea,NON-ENTITY
south,NON-ENTITY
status,NON-ENTITY
stuff,NON-ENTITY
ticket,NON-ENTITY
tour,NON-ENTITY
angle,NON-ENTITY
blue,NON-ENTITY
breakfast,NON-ENTITY
confidence,NON-ENTITY
daughter,NON-ENTITY
degree,NON-ENTITY
doctor,NON-ENTITY
dot,NON-ENTITY
dream,NON-ENTITY
duty,NON-ENTITY
essay,NON-ENTITY
father,NON-ENTITY
fee,NON-ENTITY
finance,NON-ENTITY
hour,NON-ENTITY
juice,NON-ENTITY
limit,NON-ENTITY
luck,NON-ENTITY
milk,NON-ENTITY
mouth,NON-ENTITY
peace,NON-ENTITY
pipe,NON-ENTITY
seat,NON-ENTITY
stable,NON-ENTITY
storm,NON-ENTITY
substance,NON-ENTITY
team,NON-ENTITY
trick,NON-ENTITY
afternoon,NON-ENTITY
bat,NON-ENTITY
beach,NON-ENTITY
blank,NON-ENTITY
catch,NON-ENTITY
chain,NON-ENTITY
consideration,NON-ENTITY
cream,NON-ENTITY
crew,NON-ENTITY
detail,NON-ENTITY
gold,NON-ENTITY
interview,NON-ENTITY
kid,NON-ENTITY
mark,NON-ENTITY
match,NON-ENTITY
mission,NON-ENTITY
pain,NON-ENTITY
pleasure,NON-ENTITY
score,NON-ENTITY
screw,NON-ENTITY
sex,NON-ENTITY
shop,NON-ENTITY
shower,NON-ENTITY
suit,NON-ENTITY
tone,NON-ENTITY
window,NON-ENTITY
agent,NON-ENTITY
band,NON-ENTITY
block,NON-ENTITY
bone,NON-ENTITY
calendar,NON-ENTITY
cap,NON-ENTITY
coat,NON-ENTITY
contest,NON-ENTITY
corner,NON-ENTITY
court,NON-ENTITY
cup,NON-ENTITY
district,NON-ENTITY
door,NON-ENTITY
east,NON-ENTITY
finger,NON-ENTITY
garage,NON-ENTITY
guarantee,NON-ENTITY
hole,NON-ENTITY
hook,NON-ENTITY
implement,NON-ENTITY
layer,NON-ENTITY
lecture,NON-ENTITY
lie,NON-ENTITY
manner,NON-ENTITY
meeting,NON-ENTITY
nose,NON-ENTITY
parking,NON-ENTITY
partner,NON-ENTITY
profile,NON-ENTITY
respect,NON-ENTITY
rice,NON-ENTITY
routine,NON-ENTITY
schedule,NON-ENTITY
swimming,NON-ENTITY
telephone,NON-ENTITY
tip,NON-ENTITY
winter,NON-ENTITY
airline,NON-ENTITY
bag,NON-ENTITY
battle,NON-ENTITY
bed,NON-ENTITY
bill,NON-ENTITY
bother,NON-ENTITY
cake,NON-ENTITY
code,NON-ENTITY
curve,NON-ENTITY
designer,NON-ENTITY
dimension,NON-ENTITY
dress,NON-ENTITY
ease,NON-ENTITY
emergency,NON-ENTITY
evening,NON-ENTITY
extension,NON-ENTITY
farm,NON-ENTITY
fight,NON-ENTITY
gap,NON-ENTITY
grade,NON-ENTITY
holiday,NON-ENTITY
horror,NON-ENTITY
horse,NON-ENTITY
host,NON-ENTITY
husband,NON-ENTITY
loan,NON-ENTITY
mistake,NON-ENTITY
mountain,NON-ENTITY
nail,NON-ENTITY
noise,NON-ENTITY
occasion,NON-ENTITY
package,NON-ENTITY
patient,NON-ENTITY
pause,NON-ENTITY
phrase,NON-ENTITY
proof,NON-ENTITY
race,NON-ENTITY
relief,NON-ENTITY
sand,NON-ENTITY
sentence,NON-ENTITY
shoulder,NON-ENTITY
smoke,NON-ENTITY
stomach,NON-ENTITY
string,NON-ENTITY
tourist,NON-ENTITY
towel,NON-ENTITY
vacation,NON-ENTITY
west,NON-ENTITY
wheel,NON-ENTITY
wine,NON-ENTITY
arm,NON-ENTITY
aside,NON-ENTITY
associate,NON-ENTITY
bet,NON-ENTITY
blow,NON-ENTITY
border,NON-ENTITY
branch,NON-ENTITY
breast,NON-ENTITY
brother,NON-ENTITY
buddy,NON-ENTITY
bunch,NON-ENTITY
chip,NON-ENTITY
coach,NON-ENTITY
cross,NON-ENTITY
document,NON-ENTITY
draft,NON-ENTITY
dust,NON-ENTITY
expert,NON-ENTITY
floor,NON-ENTITY
god,NON-ENTITY
golf,NON-ENTITY
habit,NON-ENTITY
iron,NON-ENTITY
judge,NON-ENTITY
knife,NON-ENTITY
landscape,NON-ENTITY
league,NON-ENTITY
mail,NON-ENTITY
mess,NON-ENTITY
native,NON-ENTITY
opening,NON-ENTITY
parent,NON-ENTITY
pattern,NON-ENTITY
pin,NON-ENTITY
pool,NON-ENTITY
pound,NON-ENTITY
request,NON-ENTITY
salary,NON-ENTITY
shame,NON-ENTITY
shelter,NON-ENTITY
shoe,NON-ENTITY
silver,NON-ENTITY
tackle,NON-ENTITY
tank,NON-ENTITY
trust,NON-ENTITY
assist,NON-ENTITY
bake,NON-ENTITY
bar,NON-ENTITY
bell,NON-ENTITY
bike,NON-ENTITY
blame,NON-ENTITY
boy,NON-ENTITY
brick,NON-ENTITY
chair,NON-ENTITY
closet,NON-ENTITY
clue,NON-ENTITY
collar,NON-ENTITY
comment,NON-ENTITY
conference,NON-ENTITY
devil,NON-ENTITY
diet,NON-ENTITY
fear,NON-ENTITY
fuel,NON-ENTITY
glove,NON-ENTITY
jacket,NON-ENTITY
lunch,NON-ENTITY
monitor,NON-ENTITY
mortgage,NON-ENTITY
nurse,NON-ENTITY
pace,NON-ENTITY
panic,NON-ENTITY
peak,NON-ENTITY
plane,NON-ENTITY
reward,NON-ENTITY
row,NON-ENTITY
sandwich,NON-ENTITY
shock,NON-ENTITY
spite,NON-ENTITY
spray,NON-ENTITY
surprise,NON-ENTITY
till,NON-ENTITY
transition,NON-ENTITY
weekend,NON-ENTITY
welcome,NON-ENTITY
yard,NON-ENTITY
alarm,NON-ENTITY
bend,NON-ENTITY
bicycle,NON-ENTITY
bite,NON-ENTITY
blind,NON-ENTITY
bottle,NON-ENTITY
cable,NON-ENTITY
candle,NON-ENTITY
clerk,NON-ENTITY
cloud,NON-ENTITY
concert,NON-ENTITY
counter,NON-ENTITY
flower,NON-ENTITY
grandfather,NON-ENTITY
harm,NON-ENTITY
knee,NON-ENTITY
lawyer,NON-ENTITY
leather,NON-ENTITY
load,NON-ENTITY
mirror,NON-ENTITY
neck,NON-ENTITY
pension,NON-ENTITY
plate,NON-ENTITY
purple,NON-ENTITY
ruin,NON-ENTITY
ship,NON-ENTITY
skirt,NON-ENTITY
slice,NON-ENTITY
snow,NON-ENTITY
specialist,NON-ENTITY
stroke,NON-ENTITY
switch,NON-ENTITY
trash,NON-ENTITY
tune,NON-ENTITY
zone,NON-ENTITY
anger,NON-ENTITY
award,NON-ENTITY
bid,NON-ENTITY
bitter,NON-ENTITY
boot,NON-ENTITY
bug,NON-ENTITY
camp,NON-ENTITY
candy,NON-ENTITY
carpet,NON-ENTITY
cat,NON-ENTITY
champion,NON-ENTITY
channel,NON-ENTITY
clock,NON-ENTITY
comfort,NON-ENTITY
cow,NON-ENTITY
crack,NON-ENTITY
engineer,NON-ENTITY
entrance,NON-ENTITY
fault,NON-ENTITY
grass,NON-ENTITY
guy,NON-ENTITY
hell,NON-ENTITY
highlight,NON-ENTITY
incident,NON-ENTITY
island,NON-ENTITY
joke,NON-ENTITY
jury,NON-ENTITY
leg,NON-ENTITY
lip,NON-ENTITY
mate,NON-ENTITY
motor,NON-ENTITY
nerve,NON-ENTITY
passage,NON-ENTITY
pen,NON-ENTITY
pride,NON-ENTITY
priest,NON-ENTITY
prize,NON-ENTITY
promise,NON-ENTITY
resident,NON-ENTITY
resort,NON-ENTITY
ring,NON-ENTITY
roof,NON-ENTITY
rope,NON-ENTITY
sail,NON-ENTITY
scheme,NON-ENTITY
script,NON-ENTITY
sock,NON-ENTITY
station,NON-ENTITY
toe,NON-ENTITY
tower,NON-ENTITY
truck,NON-ENTITY
witness,NON-ENTITY
a,NON-ENTITY
you,NON-ENTITY
it,NON-ENTITY
can,NON-ENTITY
will,NON-ENTITY
if,NON-ENTITY
one,NON-ENTITY
many,NON-ENTITY
most,NON-ENTITY
other,NON-ENTITY
use,NON-ENTITY
make,NON-ENTITY
good,NON-ENTITY
look,NON-ENTITY
help,NON-ENTITY
go,NON-ENTITY
great,NON-ENTITY
being,NON-ENTITY
few,NON-ENTITY
might,NON-ENTITY
still,NON-ENTITY
public,NON-ENTITY
read,NON-ENTITY
keep,NON-ENTITY
start,NON-ENTITY
give,NON-ENTITY
human,NON-ENTITY
local,NON-ENTITY
general,NON-ENTITY
she,NON-ENTITY
specific,NON-ENTITY
long,NON-ENTITY
play,NON-ENTITY
feel,NON-ENTITY
high,NON-ENTITY
tonight,NON-ENTITY
put,NON-ENTITY
common,NON-ENTITY
set,NON-ENTITY
change,NON-ENTITY
simple,NON-ENTITY
past,NON-ENTITY
big,NON-ENTITY
possible,NON-ENTITY
particular,NON-ENTITY
today,NON-ENTITY
major,NON-ENTITY
personal,NON-ENTITY
current,NON-ENTITY
national,NON-ENTITY
cut,NON-ENTITY
natural,NON-ENTITY
physical,NON-ENTITY
show,NON-ENTITY
try,NON-ENTITY
check,NON-ENTITY
second,NON-ENTITY
call,NON-ENTITY
move,NON-ENTITY
pay,NON-ENTITY
let,NON-ENTITY
increase,NON-ENTITY
single,NON-ENTITY
individual,NON-ENTITY
turn,NON-ENTITY
ask,NON-ENTITY
buy,NON-ENTITY
guard,NON-ENTITY
hold,NON-ENTITY
main,NON-ENTITY
offer,NON-ENTITY
potential,NON-ENTITY
professional,NON-ENTITY
international,NON-ENTITY
travel,NON-ENTITY
cook,NON-ENTITY
alternative,NON-ENTITY
following,NON-ENTITY
special,NON-ENTITY
working,NON-ENTITY
whole,NON-ENTITY
dance,NON-ENTITY
excuse,NON-ENTITY
cold,NON-ENTITY
commercial,NON-ENTITY
low,NON-ENTITY
purchase,NON-ENTITY
deal,NON-ENTITY
primary,NON-ENTITY
worth,NON-ENTITY
fall,NON-ENTITY
necessary,NON-ENTITY
positive,NON-ENTITY
produce,NON-ENTITY
search,NON-ENTITY
present,NON-ENTITY
spend,NON-ENTITY
talk,NON-ENTITY
creative,NON-ENTITY
tell,NON-ENTITY
cost,NON-ENTITY
drive,NON-ENTITY
green,NON-ENTITY
support,NON-ENTITY
glad,NON-ENTITY
remove,NON-ENTITY
return,NON-ENTITY
run,NON-ENTITY
complex,NON-ENTITY
due,NON-ENTITY
effective,NON-ENTITY
middle,NON-ENTITY
regular,NON-ENTITY
reserve,NON-ENTITY
independent,NON-ENTITY
leave,NON-ENTITY
original,NON-ENTITY
reach,NON-ENTITY
rest,NON-ENTITY
serve,NON-ENTITY
watch,NON-ENTITY
beautiful,NON-ENTITY
charge,NON-ENTITY
active,NON-ENTITY
break,NON-ENTITY
negative,NON-ENTITY
safe,NON-ENTITY
stay,NON-ENTITY
visit,NON-ENTITY
visual,NON-ENTITY
affect,NON-ENTITY
cover,NON-ENTITY
report,NON-ENTITY
rise,NON-ENTITY
walk,NON-ENTITY
white,NON-ENTITY
beyond,NON-ENTITY
junior,NON-ENTITY
pick,NON-ENTITY
unique,NON-ENTITY
anything,NON-ENTITY
classic,NON-ENTITY
final,NON-ENTITY
lift,NON-ENTITY
mix,NON-ENTITY
private,NON-ENTITY
stop,NON-ENTITY
teach,NON-ENTITY
western,NON-ENTITY
concern,NON-ENTITY
familiar,NON-ENTITY
fly,NON-ENTITY
official,NON-ENTITY
broad,NON-ENTITY
comfortable,NON-ENTITY
gain,NON-ENTITY
maybe,NON-ENTITY
rich,NON-ENTITY
save,NON-ENTITY
stand,NON-ENTITY
young,NON-ENTITY
fail,NON-ENTITY
heavy,NON-ENTITY
hello,NON-ENTITY
lead,NON-ENTITY
listen,NON-ENTITY
valuable,NON-ENTITY
worry,NON-ENTITY
handle,NON-ENTITY
leading,NON-ENTITY
meet,NON-ENTITY
release,NON-ENTITY
sell,NON-ENTITY
finish,NON-ENTITY
normal,NON-ENTITY
press,NON-ENTITY
ride,NON-ENTITY
secret,NON-ENTITY
spread,NON-ENTITY
spring,NON-ENTITY
tough,NON-ENTITY
wait,NON-ENTITY
brown,NON-ENTITY
deep,NON-ENTITY
display,NON-ENTITY
flow,NON-ENTITY
hit,NON-ENTITY
objective,NON-ENTITY
shoot,NON-ENTITY
touch,NON-ENTITY
cancel,NON-ENTITY
chemical,NON-ENTITY
cry,NON-ENTITY
dump,NON-ENTITY
extreme,NON-ENTITY
push,NON-ENTITY
conflict,NON-ENTITY
eat,NON-ENTITY
fill,NON-ENTITY
formal,NON-ENTITY
jump,NON-ENTITY
kick,NON-ENTITY
opposite,NON-ENTITY
pass,NON-ENTITY
pitch,NON-ENTITY
remote,NON-ENTITY
total,NON-ENTITY
treat,NON-ENTITY
vast,NON-ENTITY
abuse,NON-ENTITY
beat,NON-ENTITY
burn,NON-ENTITY
deposit,NON-ENTITY
print,NON-ENTITY
raise,NON-ENTITY
sleep,NON-ENTITY
somewhere,NON-ENTITY
advance,NON-ENTITY
anywhere,NON-ENTITY
consist,NON-ENTITY
dark,NON-ENTITY
double,NON-ENTITY
draw,NON-ENTITY
equal,NON-ENTITY
fix,NON-ENTITY
hire,NON-ENTITY
internal,NON-ENTITY
join,NON-ENTITY
kill,NON-ENTITY
sensitive,NON-ENTITY
tap,NON-ENTITY
win,NON-ENTITY
attack,NON-ENTITY
claim,NON-ENTITY
constant,NON-ENTITY
drag,NON-ENTITY
drink,NON-ENTITY
guess,NON-ENTITY
minor,NON-ENTITY
pull,NON-ENTITY
raw,NON-ENTITY
soft,NON-ENTITY
solid,NON-ENTITY
wear,NON-ENTITY
weird,NON-ENTITY
wonder,NON-ENTITY
annual,NON-ENTITY
count,NON-ENTITY
dead,NON-ENTITY
doubt,NON-ENTITY
feed,NON-ENTITY
forever,NON-ENTITY
impress,NON-ENTITY
nobody,NON-ENTITY
repeat,NON-ENTITY
round,NON-ENTITY
sing,NON-ENTITY
slide,NON-ENTITY
strip,NON-ENTITY
whereas,NON-ENTITY
wish,NON-ENTITY
combine,NON-ENTITY
command,NON-ENTITY
dig,NON-ENTITY
divide,NON-ENTITY
equivalent,NON-ENTITY
hang,NON-ENTITY
hunt,NON-ENTITY
initial,NON-ENTITY
march,NON-ENTITY
mention,NON-ENTITY
smell,NON-ENTITY
spiritual,NON-ENTITY
survey,NON-ENTITY
tie,NON-ENTITY
adult,NON-ENTITY
brief,NON-ENTITY
crazy,NON-ENTITY
escape,NON-ENTITY
gather,NON-ENTITY
hate,NON-ENTITY
prior,NON-ENTITY
repair,NON-ENTITY
rough,NON-ENTITY
sad,NON-ENTITY
scratch,NON-ENTITY
sick,NON-ENTITY
strike,NON-ENTITY
employ,NON-ENTITY
external,NON-ENTITY
hurt,NON-ENTITY
illegal,NON-ENTITY
laugh,NON-ENTITY
lay,NON-ENTITY
mobile,NON-ENTITY
nasty,NON-ENTITY
ordinary,NON-ENTITY
respond,NON-ENTITY
royal,NON-ENTITY
senior,NON-ENTITY
split,NON-ENTITY
strain,NON-ENTITY
struggle,NON-ENTITY
swim,NON-ENTITY
train,NON-ENTITY
upper,NON-ENTITY
wash,NON-ENTITY
yellow,NON-ENTITY
convert,NON-ENTITY
crash,NON-ENTITY
dependent,NON-ENTITY
fold,NON-ENTITY
funny,NON-ENTITY
grab,NON-ENTITY
hide,NON-ENTITY
miss,NON-ENTITY
permit,NON-ENTITY
quote,NON-ENTITY
recover,NON-ENTITY
resolve,NON-ENTITY
roll,NON-ENTITY
sink,NON-ENTITY
slip,NON-ENTITY
spare,NON-ENTITY
suspect,NON-ENTITY
sweet,NON-ENTITY
swing,NON-ENTITY
twist,NON-ENTITY
upstairs,NON-ENTITY
usual,NON-ENTITY
abroad,NON-ENTITY
brave,NON-ENTITY
calm,NON-ENTITY
concentrate,NON-ENTITY
estimate,NON-ENTITY
grand,NON-ENTITY
male,NON-ENTITY
mine,NON-ENTITY
prompt,NON-ENTITY
quiet,NON-ENTITY
refuse,NON-ENTITY
regret,NON-ENTITY
reveal,NON-ENTITY
rush,NON-ENTITY
shake,NON-ENTITY
shift,NON-ENTITY
shine,NON-ENTITY
steal,NON-ENTITY
suck,NON-ENTITY
surround,NON-ENTITY
anybody,NON-ENTITY
bear,NON-ENTITY
brilliant,NON-ENTITY
dare,NON-ENTITY
dear,NON-ENTITY
delay,NON-ENTITY
drunk,NON-ENTITY
female,NON-ENTITY
hurry,NON-ENTITY
inevitable,NON-ENTITY
invite,NON-ENTITY
kiss,NON-ENTITY
neat,NON-ENTITY
pop,NON-ENTITY
punch,NON-ENTITY
quit,NON-ENTITY
reply,NON-ENTITY
representative,NON-ENTITY
resist,NON-ENTITY
rip,NON-ENTITY
rub,NON-ENTITY
silly,NON-ENTITY
smile,NON-ENTITY
spell,NON-ENTITY
stretch,NON-ENTITY
stupid,NON-ENTITY
tear,NON-ENTITY
temporary,NON-ENTITY
tomorrow,NON-ENTITY
wake,NON-ENTITY
wrap,NON-ENTITY
yesterday,NON-ENTITY
