,FirstName,LastName
0,silva,da
1,hugh,smith
2,irene,humer
3,sonja,schuster
4,jonathan,ventura
5,nasir,eisty
6,nianpin,cheng
7,phillip,nico
8,michael,haungs
9,soma,roy
10,paul,anderson
11,maddie,schroth-glanz
12,john,seng
13,kelly,bodwin
14,samuel,frame
15,james,oksanish
16,john,clements
17,allan,rossman
18,dennis,sun
19,kurt,voelker
20,hasmik,gharibyan
21,steven,rein
22,andrew,schaffner
23,christopher,lupo
24,theresa,migler
25,anelise,sabbag
26,ignatios,vakalis
27,felicia,korengel
28,giri,gopalan
29,paul,hatalsky
30,bret,holladay
31,aaron,keen
32,erin,sheets
33,allison,theobold
34,dave,parkinson
35,foaad,khosmood
36,jeffrey,sklar
37,stephen,beard
38,ulric,lund
39,david,janzen
40,sussan,einakian
41,daniel,kauffman
42,zachary,peterson
43,john,planck
44,ayaan,kazerouni
45,christopher,siu
46,julie,workman
47,dongfeng,fang
48,lubomir,stanchev
49,karen,mcgaughey
50,john,walker
51,kirsten,mork
52,bruce,debruhl
53,kurt,mammen
54,kevin,ross
55,jimmy,doi
56,roger,tenore
57,timothy,kearns
58,andrew,migler
59,de,van
60,immanuel,williams
61,bj,klingenberg
62,maria,pantoja
63,clark,turner
64,toshihiro,kuboi
65,beth,chance
66,christian,eckhardt
67,billie-jo,grant
68,alex,dekhtyar
69,franz,kurfess